{
  "menu": [
    {
      "url": "/",
      "name": "Dashboard",
      "icon": "menu-icon tf-icons ti ti-layout-dashboard",
      "slug": "pages-home"
    },
    {
      "url": "syllabus-preparation",
      "icon": "menu-icon tf-icons ti ti-book",
      "name": "My Digital Bag",
      "slug": "syllabus-preparation"
    },
    {
      "url": "self/assessment",
      "name": "Self Assessment",
      "icon": "menu-icon tf-icons ti ti-clipboard-text",
      "slug": "pages-misc-error"
    },
    {
      "url": "test/list",
      "name": "Digital Task",
      "icon": "menu-icon tf-icons ti ti-file-certificate",
      "slug": "test/list"
    },
    {
      "url": "suggestion/create",
      "name": "Human Error & Suggestions",
      "icon": "menu-icon tf-icons ti ti-chart-infographic",
      "slug": "auth-register-basic"
    }
  ]
}
