{
  "menu": [
    {
      "url": "/",
      "name": "Dashboard",
      "icon": "menu-icon tf-icons ti ti-layout-dashboard",
      "slug": "pages-home"
    },
    {
      "url": "book",
      "icon": "menu-icon tf-icons ti ti-school",
      "name": "Board Book Class",
      "slug": "book.index"
    },
    {
      "url": "chapter",
      "name": "Units",
      "icon": "menu-icon tf-icons ti ti-book",
      "slug": "chapter.index"
    },
    {
      "url": "topic",
      "name": "Topics",
      "icon": "menu-icon tf-icons ti ti-presentation",
      "slug": "topic.index"
    },
    {
      "url": "question",
      "name": "Questions",
      "icon": "menu-icon tf-icons ti ti-question-mark",
      "slug": "question.index"
    },
    {
      "url": "mcq-choice",
      "name": "Multiple Choices",
      "icon": "menu-icon tf-icons ti ti-checkbox",
      "slug": "mcq-choice.index"
    },
    {
      "url": "user",
      "name": "Users",
      "icon": "menu-icon tf-icons ti ti-user",
      "slug": "user.index"
    },
    {
      "url": "assignRole",
      "name": "Assign",
      "icon": "menu-icon tf-icons ti ti-user",
      "slug": "assignRole.index"
    },
    {
      "url": "admin/test/list",
      "name": "Test List",
      "icon": "menu-icon tf-icons ti ti-book",
      "slug": "admin/test/list.index"
    },
    {
      "name": "Teacher",
      "icon": "menu-icon tf-icons ti ti-user",
      "slug": "teacher",
      "submenu": [
        {
          "url": "assigned/students",
          "name": "Assigned Students",
          "icon": "menu-icon tf-icons ti ti-file",
          "slug": "assigned/student",
          "closed": true
        }
      ]

    },
    {
      "url": "visuals",
      "name": "Visuals",
      "icon": "menu-icon tf-icons ti ti-presentation",
      "slug": "visuals.index"
    },
    {
      "url": "announcements",
      "name": "Announcements",
      "icon": "menu-icon tf-icons ti ti-presentation",
      "slug": "announcements.index"
    },
    {
      "url": "upload/book/Pdf",
      "name": "Upload Book Pdf",
      "icon": "menu-icon tf-icons ti ti-book",
      "slug": "upload/book/Pdf.index"
    },
    {
      "url": "suggestion/list",
      "name": "Human Error & Suggestions",
      "icon": "menu-icon tf-icons ti ti-chart-infographic",
      "slug": "auth-register-basic"
    }
  ]
}
