{
  "menu": [
    {
      "url": "/",
      "name": "Dashboard",
      "icon": "menu-icon tf-icons ti ti-smart-home",
      "slug": "pages-home"
    },
    {
      "url": "test/create",
      "icon": "menu-icon tf-icons ti ti-clipboard-text",
      "name": "Create Test",
      "slug": "test/create"
    },
    {
      "url": "test/list",
      "name": "Test Lists",
      "icon": "menu-icon tf-icons ti ti-file-certificate",
      "slug": "test/list"
    },
    {
      "url": "suggestion/create",
      "name": "Human Error & Suggestions",
      "icon": "menu-icon tf-icons ti ti-chart-infographic",
      "slug": "auth-register-basic"
    }
  ]
}