{
  "menu": [
    {
      "url": "/",
      "name": "Dashboard",
      "icon": "menu-icon tf-icons ti ti-smart-home",
      "slug": "pages-home"
    },
    {
      "url": "teacher/test/list",
      "name": "Test List",
      "icon": "menu-icon tf-icons ti ti-book",
      "slug": "teacher/test/list.index"
    },
    {
      "url": "announcements",
      "name": "Announcements",
      "icon": "menu-icon tf-icons ti ti-presentation",
      "slug": "announcements.index"
    },
    {
      "url": "teacherAssignedStudents/list",
      "name": "Student List",
      "icon": "menu-icon tf-icons ti ti-user",
      "slug": "teacherAssignedStudents/test/list.index"
    }

  ]
}
